Protein-protein complex,ΔG (kcal mol-1),Kd (M) at 25.0 ℃
158560775724-A-D38A-mut,-10.4,2.40E-08
158560775724-A-D350A-mut,-10.8,1.10E-08
158560775724-A-D355A-mut,-11.2,6.40E-09
158560775724-A-E37A-mut,-10.7,1.40E-08
158560775724-A-E110P-mut,-10.8,1.20E-08
158560775724-A-E160R-mut,-10.8,1.20E-08
158560775724-A-E312A-mut,-10.8,1.20E-08
158560775724-A-F603T-mut,-10.8,1.10E-08
158560775724-A-H239Q-mut,-10.8,1.10E-08
158560775724-A-K31D-mut,-10.9,9.60E-09
158560775724-A-K68D-mut,-10.8,1.20E-08
158560775724-A-K309D-mut,-10.8,1.20E-08
158560775724-A-K353A-mut,-10.4,2.20E-08
158560775724-A-K353D-mut,-10.5,1.90E-08
158560775724-A-K353H-mut,-10.7,1.30E-08
158560775724-A-L359A-mut,-10.8,1.20E-08
158560775724-A-L359K-mut,-10.8,1.20E-08
158560775724-A-M383A-mut,-10.8,1.20E-08
158560775724-A-P389A-mut,-10.8,1.20E-08
158560775724-A-R192D-mut,-10.8,1.20E-08
158560775724-A-R219D-mut,-10.8,1.20E-08
158560775724-A-R273Q-mut,-10.8,1.10E-08
158560775724-A-R357A-mut,-10.8,1.20E-08
158560775724-A-R393A-mut,-10.7,1.40E-08
158560775724-A-R559S-mut,-10.8,1.10E-08
158560775724-A-T324A-mut,-10.8,1.20E-08
158560775724-A-Y41A-mut,-10.4,2.50E-08